,FileName,Caption
0,000000171297.jpg,65
1,000000171297.jpg,73
2,000000171297.jpg,1
3,000000148361.jpg,1
4,000000148361.jpg,42
5,000000454783.jpg,7
6,000000027591.jpg,65
7,000000233497.jpg,28
8,000000233497.jpg,1
9,000000233497.jpg,1
10,000000233497.jpg,42
11,000000233497.jpg,28
12,000000233497.jpg,62
13,000000233497.jpg,62
14,000000186611.jpg,37
15,000000186611.jpg,39
16,000000186611.jpg,1
17,000000186611.jpg,1
18,000000186611.jpg,1
19,000000186611.jpg,1
20,000000186611.jpg,1
21,000000186611.jpg,1
22,000000186611.jpg,1
23,000000186611.jpg,1
24,000000186611.jpg,1
25,000000186611.jpg,1
26,000000186611.jpg,1
27,000000186611.jpg,1
28,000000186611.jpg,40
29,000000186611.jpg,40
30,000000186611.jpg,1
31,000000186611.jpg,1
32,000000427169.jpg,1
33,000000427169.jpg,1
34,000000427169.jpg,73
35,000000054037.jpg,32
36,000000054037.jpg,1
37,000000066445.jpg,56
38,000000066445.jpg,56
39,000000066445.jpg,56
40,000000066445.jpg,56
41,000000066445.jpg,56
42,000000066445.jpg,56
43,000000066445.jpg,56
44,000000066445.jpg,56
45,000000066445.jpg,56
46,000000379375.jpg,18
47,000000379375.jpg,1
